Additional Links,Status,Other,,
,,,,
,,,,
https://developers.facebook.com/docs/reference/android/current,C,,,
,,,,
http://boltsframework.github.io/Bolts-Android/,OK,,,C: CUSTOM
,,,,
https://firebase.google.com/docs/reference/android/packages,C,,,OK: JAVADOC formatında
https://bumptech.github.io/glide/javadocs/4120/index.html,OK,,,G: Genel bilgi linki
https://www.javadoc.io/doc/com.google.code.gson/gson/latest/com.google.gson/com/google/gson/package-summary.html,OK,,,
https://square.github.io/okhttp/4.x/okhttp/okhttp3/,C,,,
,,,,
https://zxing.github.io/zxing/apidocs/,OK,,,
,,,,
,,,,
https://firebase.google.com/docs/reference/android/packages,C,,,
https://firebase.google.com/docs/reference/android/packages,C,,,
,,,,
http://jakewharton.github.io/butterknife/javadoc/,OK,,,
,,,,
,,,,
,,,,
https://www.javadoc.io/doc/com.google.maps.android/android-maps-utils/latest/index.html,OK,,,
https://guava.dev/releases/snapshot-jre/api/docs/,OK,,,
,,,,
,,,,
https://sdk.amazonaws.com/java/api/latest/,OK,,,
https://www.joda.org/joda-time/apidocs/index.html,OK,,,
,,,,
,,,,
https://developer.fyber.com/hc/en-us/articles/360010079657-Android-SDK-Integration,G,,,
,,,,
,,,,
,,,,
https://square.github.io/okio/2.x/okio/okio/,C,,,
http://flurry.github.io/flurry-android-sdk/,OK,http://flurry.github.io/flurry-android-sdk/ads/index.html,,
,,,,
,,,,
http://www.slf4j.org/apidocs/index.html,OK,,,
,,,,
,,,,
,,,,
http://logback.qos.ch/apidocs/index.html,OK,,,
https://ormlite.com/javadoc/ormlite-android/,OK,,,
,,,,
,,,,
,,,,
,,,,
,,,,
,,,,
,,,,
,,,,
,,,,
https://googleapis.dev/java/google-api-client/latest/index.html,OK,,,
https://developers.mopub.com/publishers/reference/android/MoPub/,C,,,
https://exoplayer.dev/doc/reference/,C,on packages page,,
,,,,
,,,,
,,,,
,,,,
,,,,
,,,,
,,,,
,,,,
,,,,
,,,,
,,,,
,,,,
,,,,
,,,,
,,,,
https://developers.google.com/protocol-buffers/docs/reference/java,OK,,,
,,,,
,,,,
https://junit.org/junit5/docs/current/api/,C,,,
https://docs.unity3d.com/Manual/index.html,C,,,
,,,,
,,,,
,,,,
,,,,
,,,,
,,,,
,,,,
,,,,
,,,,
,,,,
,,,,
http://square.github.io/dagger/1.x/dagger/,OK,,,
,,,,
,,,,
,,,,
,,,,
https://answers.chartboost.com/en-us/child_article/chartboost-api-overview,G,,,
,,,,
https://zxing.github.io/zxing/apidocs/,OK,,,
,,,,
https://guava.dev/releases/snapshot-jre/api/docs/,OK,,,
https://developers.google.com/youtube/android/player/reference/com/google/android/youtube/player/package-summary.html,A,,,
,,,,
,,,,
,,,,
,,,,
,,,,
,,,,
,,,,
,,,,
https://unityads.unity3d.com/help/android/api-android,C,,,
,,,,
,,,,
,,,,
,,,,
,,,,
,,,,
http://twitter4j.org/oldjavadocs/4.0.0/index.html,OK,,,
,,,,
http://android-query.googlecode.com/svn/trunk/javadoc/index.html?com/androidquery/AbstractAQuery.html,ERROR,,,
,,,,
,,,,
http://www.siegmann.nl/static/epublib/apidocs/,OK,,,
,,,,
,,,,
,,,,
,,,,
,,,,
,,,,
,,,,
,,,,
,,,,
,,,,
,,,,
,,,,
,,,,
https://javadoc.io/doc/com.applovin/applovin-sdk/latest/index.html,OK,,,
,,,,
http://www.simpleframework.org/doc/javadoc/index.html,OK,,,
,,,,
https://docs.jiguang.cn//jpush/client/Android/android_api/,C,,,
,,,,
https://libgdx.badlogicgames.com/ci/nightlies/docs/api/,OK,,,
,,,,
https://doc.batch.com/android-api-reference/index.html,OK,,,
,,,,
,,,,
,C,,,
,,,,
https://firebase.google.com/docs/reference/android/packages,,,,
https://greenrobot.org/files/eventbus/javadoc/2.4/,OK,,,
,,,,
,,,,
https://javadoc.io/doc/org.bouncycastle/bcprov-jdk15on/latest/index.html,OK,,,
,,,,
https://docs.newrelic.com/docs/mobile-monitoring/new-relic-mobile-android/android-sdk-api,C,,,
,,,,
,,,,
,,,,
,,,,
,,,,
,,,,
http://zbar.sourceforge.net/api/annotated.html,C,https://jar-download.com/artifacts/com.yanzhenjie.zbar/zbar/1.0.0/documentation,,
,,,,
https://developer.umeng.com/docs/67966/detail/149292?acm=lb-zebra-622408-7938479.1003.4.7419305&scm=1003.4.lb-zebra-622408-7938479.OTHER_15797357018521_7419305,,,,
https://greenrobot.org/files/greendao/javadoc/3.1/,OK,,,
https://github.com/srikanth-lingala/zip4j,G,,,
,,,,
,,,,
,,,,
,,,,
,,,,
,,,,
,,,,
,,,,
https://developer.paypal.com/docs/api/reference/api-requests/#,C,,,
https://s3-us-west-1.amazonaws.com/devportal-reference-docs/login-with-amazon/android/docs/reference/packages.html,C,NO JAVADOC,,
,,,,
https://support.inmobi.com/monetize/android-guidelines/,OK,https://javadoc.io/doc/com.inmobi.monetization,,
,,,,
,,,,
,,,,
,,,,
http://actionbarsherlock.com/usage.html,G,,,
,,,,
,,,,
,,,,
,,,,
,,,,
,,,,
,,,,
,,,,
,,,,
,,,,
,,,,
,,,,
,,,,
,,,,
,,,,
,,,,
https://javadoc.io/doc/net.minidev/json-smart/latest/index.html,OK,,,
,,,,
,,,,
,,,,
,,,,
http://ai2.appinventor.mit.edu/reference/components/,G,,,
,,,,
,,,,
,,,,
,,,,
,,,,
,,,,
,,,,
,,,,
,,,,
https://javaee.github.io/javamail/docs/api/,OK,,,
https://prime31.com/docs#androidGeneral,C,,,
,,,,
,,,,
,,,,
,,,,
https://www.gnu.org/software/kawa/api/overview-summary.html,OK,Diff start,,
,,,,
https://www.gnu.org/software/kawa/api/gnu/commonlisp/lang/package-summary.html,OK,diff start,,
,,,,
,,,,
,,,,
,,,,
,,,,
,,,,
,,,,
,,,,
,,,,
,,,,
,,,,
,,,,
,,,,
,,,,
,,,,
,,,,
https://www.javadoc.io/doc/org.java-websocket/Java-WebSocket/latest/index.html,OK,,,
,,,,
,,,,
https://parseplatform.org/Parse-SDK-Android/api/,OK,,,
,,,,
,,,,
,,,,
,,,,
,,,,
,,,,
,,,,
,,,,
,,,,
https://junit.org/junit4/javadoc/latest/index.html,C,,,
https://www.jcifs.org/src/docs/api/,OK,,,
http://www.kobjects.org/kxml/javadoc/overview-summary.html,OK,,,
https://javadoc.io/doc/com.googlecode.json-simple/json-simple/latest/index.html,OK,,,
https://support.startapp.com/hc/en-us/categories/115000508293-SDK,G,,,
,,,,
,,,,
https://github.com/androidannotations/androidannotations/wiki,G,,,
,,,,
,,,,
http://javadox.com/com.nostra13.universalimageloader/universal-image-loader/1.9.0/com/nostra13/universalimageloader/core/ImageLoader.html,OK,,,
,,,,
,,,,
,,,,
,,,,
,,,,
,,,,
,,,,
,,,,
,,,,
,,,,
,,,,
https://developers.smaato.com/publishers/nextgen-sdk-android-integration/,C,,,
,,,,
,,,,
,,,,
,,,,
,,,,
,,,,
,,,,
,,,,
,,,,
,,,,
,,,,
,,,,
,,,,
,,,,
,,,,
,,,,
,,,,
,,,,
,,,,
,,,,
,,,,
,,,,
,,,,
,,,,
,,,,
,,,,
https://javadoc.io/doc/org.ocpsoft.prettytime/prettytime/latest/index.html,OK,,,
,,,,
,,,,
,,,,
,,,,
https://james.apache.org/mime4j/apidocs/org/apache/james/mime4j/message/package-summary.html,OK,,,
https://docs.splunk.com/DocumentationStatic/MintAndroidSDK/5.2.x/APIRef/index.html,OK,,,
,,,,
https://javadoc.io/doc/com.nostra13.universalimageloader/universal-image-loader/latest/index.html,OK,,,
,,,,
http://bauerca.github.io/drag-sort-listview/reference/packages.html,C,,,
,,,,
,,,,
,,,,
http://square.github.io/otto/1.x/otto/,OK,,,
,,,,
https://docs.spring.io/spring-framework/docs/current/javadoc-api/,OK,,,
,,,,
,,,,
,,,,
,,,,
,,,,
,,,,
,,,,
https://mobfox.atlassian.net/wiki/spaces/PUMD/pages/1205239832/Integrate+via+Android+SDK,G,,,
,,,,
,,,,
,,,,
,,,,
http://kobjects.org/ksoap2/doc/api/index.html,OK,,,
,,,,
,,,,
,,,,
https://www.dropbox.com/static/developers/dropbox-android-sdk-1.6.3-docs/com/dropbox/client2/package-summary.html,OK,,,
http://javadocs.commonsware.com/cwac/sacklist/com/commonsware/cwac/sacklist/package-summary.html,OK,,,
,,,,
,,,,
,,,,
,,,,
,,,,
,,,,
,,,,
,,,,
,,,,
,,,,
,,,,
http://pinyin4j.sourceforge.net/pinyin4j-doc/,OK,,,
,,,,
,,,,
,,,,
,,,,
,,,,
,,,,
https://docs.airship.com/reference/libraries/java/latest/,OK,,,
,,,,
https://logging.apache.org/log4j/2.x/log4j-api/apidocs/index.html,OK,,,
,,,,
,,,,
http://download.igniterealtime.org/smack/docs/latest/javadoc/index.html?org/jivesoftware/smack/android/package-summary.html,OK,,,
,,,,
https://developers.google.com/android/reference/com/google/android/gms/vision/barcode/package-summary,C,,,
,,,,
https://mttkay.github.io/signpost/,OK,GO TO REQUIRED PACKAGE,,
,,,,
,,,,
,,,,
,,,,
,,,,
,,,,
,,,,
,,,,
,,,,
,,,,
,,,,
,,,,
,,,,
,,,,
,,,,
,,,,
,,,,
,,,,
,,,,
,,,,
,,,,
,,,,
,,,,
,,,,
http://developer.android.com/reference/android/opengl/package-summary.html,A,,,
,,,,
,,,,
,,,,
,,,,
,,,,
,,,,
,,,,
,,,,
,,,,
http://docs.onemobilesdk.aol.com/android-ad-sdk/mediation.html,G,,,
,,,,
,,,,
,,,,
,,,,
,,,,
,,,,
,,,,
,,,,
,,,,
,,,,
,,,,
,,,,
,,,,
,,,,
https://javadoc.io/doc/com.jakewharton/disklrucache/latest/index.html,OK,,,
,,,,
,,,,
,,,,
https://google.github.io/guice/api-docs/4.2.3/javadoc/index.html,OK,,,
,,,,
,,,,
,,,,
,,,,
http://logback.qos.ch/apidocs/index.html,OK,,,
"https://javadoc.io/doc/com.opencsv/opencsv/3.2/index.html, https://javadoc.io/doc/com.opencsv/opencsv/3.2/index.html",OK,,,
,,,,
,,,,
,,,,
,,,,
,,,,
,,,,
,,,,
,,,,
,,,,
,,,,
,,,,
,,,,
,,,,
,,,,
,,,,
,,,,
,,,,
,,,,
,,,,
,,,,
,,,,
http://javadocs.commonsware.com/cwac/merge/index.html,OK,,,
https://javadoc.io/doc/org.jmdns/jmdns/latest/index.html,OK,,,
,,,,
https://osmdroid.github.io/osmdroid/javadocs/osmdroid-android/debug/org/metalev/multitouch/controller/MultiTouchController.html,OK,,,
,,,,
,,,,
,,,,
,,,,
,,,,
,,,,
,,,,
,,,,
,,,,
,,,,
,,,,
,,,,
,,,,
,,,,
,,,,
,,,,
,,,,
https://www.javadoc.io/doc/com.jayway.jsonpath/json-path/latest/index.html,OK,,,
,,,,
https://www.javadoc.io/doc/com.google.code.gson/gson/latest/com.google.gson/module-summary.html,OK,,,
,,,,
,,,,
,,,,
,,,,
,,,,
,,,,
,,,,
,,,,
,,,,
,,,,
,,,,
https://mapopen-pub-androidsdk.bj.bcebos.com/nav/doc/5.2.0.1/index.html,OK,,,
,,,,
,,,,
https://javadoc.io/doc/org.igniterealtime.smack/smack-im/4.2.3/index.html,OK,,,
,,,,
,,,,
,,,,
http://hamcrest.org/JavaHamcrest/javadoc/2.2/,OK,,,
,,,,
,,,,
,,,,
,,,,
,,,,
,,,,
,,,,
,,,,
,,,,
,,,,
,,,,
https://javadoc.io/doc/org.scribe/scribe/latest/index.html,OK,,,
,,,,
http://pinyin4j.sourceforge.net/pinyin4j-doc/,OK,,,
,,,,
,,,,
,,,,
https://wiki.connect.qq.com/api%E5%88%97%E8%A1%A8,C,,,
,,,,
,,,,
,,,,
,,,,
,,,,
http://square.github.io/otto/1.x/otto/,OK,,,
,,,,
,,,,
,,,,
,,,,
,,,,
,,,,
,,,,
https://javadoc.io/doc/com.vividsolutions/jts/latest/index.html,OK,,,
https://docs.coronalabs.com/native/android/html/com/ansca/corona/package-summary.html,OK,,,
https://docs.coronalabs.com/native/android/html/com/naef/jnlua/package-summary.html,OK,,,
,,,,
,,,,
,,,,
,,,,
,,,,
,,,,
,,,,
https://open.taobao.com/api.htm?spm=a219a.14658873.0.0.1edd4dc1RIs3vd&docId=285&docType=2,C,,,
,,,,
,,,,
,,,,
,,,,
https://javadoc.io/doc/com.jakewharton.rxbinding/rxbinding/latest/index.html,OK,,,
,,,,
,,,,
,,,,
,,,,
,,,,
,,,,
,,,,
,,,,
https://exoplayer.dev/doc/reference/com/google/android/exoplayer2/source/dash/manifest/package-summary.html,OK,,,
,,,,
https://www.pollfish.com/docs/android/universal,G,,,
,,,,
https://javadoc.io/doc/com.itextpdf/itextpdf/latest/index.html,OK,,,
http://javadox.com/com.itextpdf/itextpdf/5.5.0/com/itextpdf/text/Font.html,OK,,,
,,,,
,,,,
,,,,
http://zendesk.github.io/belvedere/,OK,,,
,,,,
https://developers.google.com/protocol-buffers/docs/reference/java,OK,,,
,,,,
https://adcolony-www-common.s3.amazonaws.com/Javadoc/4.3.0/index.html,OK,,,
https://javadoc.io/doc/com.uphyca/android-junit3-extension-support-v4/latest/index.html,OK,,,
,,,,
,,,,
,,,,
https://docs.oracle.com/cd/E17802_01/j2se/javase/technologies/desktop/javabeans/glasgow/javadocs/javax/activation/package-summary.html,OK,,,
,,,,
,,,,
,,,,
,,,,
https://javadoc.io/doc/com.github.fengdai/alertdialogpro-theme-material,OK,,,
,,,,
https://github.com/kobakei/Android-RateThisApp,G,,,
,,,,
,,,,
,,,,
http://mixpanel.github.io/mixpanel-android/index.html,OK,,,
,,,,
,,,,
,,,,
,,,,
,,,,
,,,,
,,,,
,,,,
,,,,
,,,,
http://www.date4j.net/javadoc/index.html,OK,,,
https://evernote.github.io/android-job/javadoc/com/evernote/android/job/util/support/package-frame.html,OK,DİFF START,,
https://javadoc.io/doc/com.nostra13.universalimageloader/universal-image-loader/latest/index.html,OK,,,
,,,,
https://javadoc.io/doc/org.apache.commons/commons-lang3/latest/index.html,OK,,,
,,,,
,,,,
,,,,
,,,,
,,,,
https://www.javadoc.io/doc/com.itextpdf/itextpdf/5.5.7/com/itextpdf/text/html/simpleparser/HTMLWorker.html,OK,,,
https://javadoc.io/static/net.zetetic/android-database-sqlcipher/3.5.7/index.html,OK,,,
http://opencsv.sourceforge.net/apidocs/com/opencsv/bean/package-summary.html,OK,,,
,,,,
,,,,
,,,,
https://javadoc.io/doc/org.bouncycastle/bcprov-jdk15on/latest/index.html,OK,,,
,,,,
,,,,
https://javadoc.io/doc/com.karumi/dexter/latest/index.html,OK,,,
,,,,
,,,,
https://docs.fabric.io/javadocs/twitter/1.5.1/com/twitter/sdk/android/Twitter.html,OK,,,
,,,,
https://github.com/timehop/sticky-headers-recyclerview,G,,,
https://javadoc.io/doc/dnsjava/dnsjava/latest/index.html,OK,,,
,,,,
,,,,
,,,,
https://wiki.appodeal.com/en/android/2-8-0-beta-android-sdk-integration-guide,G,,,
https://javadoc.io/doc/com.koushikdutta.async/androidasync/1.0.1/index.html,OK,,,
https://github.com/vikramkakkar/SublimePicker    https://javadoc.io/doc/com.appeaser.sublimepickerlibrary/sublimepickerlibrary/2.1.1/index.html,OK,,,
https://javadoc.io/doc/com.drewnoakes/metadata-extractor/latest/index.html,OK,,,
,,,,
,,,,
,,,,
https://javadoc.io/doc/net.minidev/json-smart/latest/index.html,OK,,,
,,,,
,,,,
https://javadoc.io/doc/com.baidu.mapapi/map/4.5.2/index.html,OK,,,
,,,,
,,,,
,,,,
,,,,
,,,,
https://www.javadoc.io/static/org.mockito/mockito-core/2.0.52-beta/org/mockito/internal/util/collections/package-frame.html,OK,,,
http://kolipass.github.io/nuance-speachkit-android/javadoc/index.html,OK,,,
https://docs.opencv.org/3.4/javadoc/org/opencv/utils/package-summary.html,OK,,,
,,,,
,,,,
,,,,
,,,,
,,,,
https://javadoc.io/doc/org/jaudiotagger/2.0.2/index.html,OK,,,
,,,,
,,,,
,,,,
,,,,
,,,,
,,,,
,,,,
,,,,
https://github.com/ConnectSDK/Connect-SDK-Android-Core,G,,,
http://archive.eclipse.org/jetty/7.0.0.RC0/apidocs/org/eclipse/jetty/io/nio/package-summary.html,OK,,,
https://poi.apache.org/apidocs/dev/org/apache/poi/sl/draw/binding/package-summary.html,OK,,,
https://poi.apache.org/apidocs/dev/org/apache/poi/ss/formula/functions/package-summary.html,OK,,,
https://poi.apache.org/apidocs/dev/org/apache/poi/hssf/record/aggregates/package-summary.html,OK,,,
https://poi.apache.org/apidocs/dev/org/apache/poi/hssf/dev/package-summary.html,OK,,,
,,,,
,,,,
,,,,
,,,,
https://javadoc.io/doc/com.miguelcatalan/materialsearchview/1.0.1/index.html,OK,,,
https://javadoc.io/doc/com.nononsenseapps/filepicker/3.0.0/index.html,OK,,,
https://exoplayer.dev/doc/reference/com/google/android/exoplayer2/upstream/package-summary.html,OK,,,
,,,,
,,,,
,,,,
,,,,
https://square.github.io/retrofit/2.x/retrofit/,OK,,,
,,,,
https://javadoc.io/doc/com.jcraft/jsch/latest/index.html,OK,,,
,,,,
,,,,
https://docs.brightcove.com/android-sdk/javadoc/com/brightcove/player/event/Event.html,OK,,,
,,,,
,,,,
,,,,
,,,,
,,,,
,,,,
,,,,
,,,,
,,,,
https://javadoc.io/doc/com.orhanobut/logger/1.2/index.html,OK,EMPTY,,
,,,,
,,,,
,,,,
,,,,
https://javadoc.io/doc/com.mashape.unirest/unirest-java/latest/index.html,OK,,,
https://openslmediaplayer.h6ah4i.com/javadoc/0.7.5/reference/com/h6ah4i/android/media/standard/package-summary.html,CJ,SIMILAR TO JAVADOC,,
,,,,
,,,,
,,,,
,,,,
http://www.cafeconleche.org/jaxen/apidocs/index.html,OK,,,
https://javadoc.io/doc/net.sf.xslthl/xslthl/latest/index.html,OK,,,
,,,,
,,,,
,,,,
https://javadoc.io/doc/com.flipboard/bottomsheet-commons/latest/index.html,OK,,,
,,,,
,,,,
,,,,
,,,,
,,,,
https://www.wikitude.com/external/doc/documentation/latest/Reference/JavaScript%20API/classes/Location.html,C,,,
https://www.wikitude.com/,G,,,
,,,,
,,,,
https://github.com/curioustechizen/android-ago,G,,,
,,,,
,,,,
,,,,
,,,,
https://javadoc.io/doc/org.jcodec/jcodec/latest/index.html,OK,,,
http://storage.luzi82.com/japi/jcodec-0.1.9/org/jcodec/containers/mkv/boxes/package-tree.html,OK,,,
https://www.javadoc.io/doc/org.jcodec/jcodec/latest/org/jcodec/containers/mp4/muxer/MP4Muxer.html,OK,,,
http://storage.luzi82.com/japi/jcodec-0.1.9/org/jcodec/common/dct/package-frame.html,OK,DIRECT TO THE RELATED CLASS,,
http://storage.luzi82.com/japi/jcodec-0.1.9/org/jcodec/codecs/wav/package-tree.html,OK,DIRECT TO THE RELATED CLASS,,
https://javadoc.io/doc/org.jcodec/jcodec-javase/latest/index.html,OK,,,
,,,,
,,,,
http://www.jfree.org/jfreechart/api/javadoc/index.html,OK,,,
https://developers.arcgis.com/android/10-2/api-reference/reference/com/esri/android/map/ogc/package-summary.html,CJ,,,
https://developers.arcgis.com/android/10-2/api-reference/reference/com/esri/android/map/ogc/package-summary.html,CJ,,,
https://developers.arcgis.com/android/10-2/api-reference/reference/com/esri/android/map/ogc/package-summary.html,CJ,,,
https://developers.arcgis.com/android/10-2/api-reference/reference/com/esri/android/map/ogc/package-summary.html,CJ,,,
http://resources.arcgis.com/en/help/runtime-java/apiref/index.html?com/esri/core/internal/map/package-summary.html,CJ,,,
http://resources.arcgis.com/en/help/runtime-java/apiref/index.html?com/esri/core/internal/map/package-summary.html,CJ,,,
http://resources.arcgis.com/en/help/runtime-java/apiref/index.html?com/esri/core/internal/map/package-summary.html,CJ,,,
http://resources.arcgis.com/en/help/runtime-java/apiref/index.html?com/esri/core/internal/map/package-summary.html,CJ,,,
http://resources.arcgis.com/en/help/runtime-java/apiref/index.html?com/esri/core/internal/map/package-summary.html,CJ,,,
http://resources.arcgis.com/en/help/runtime-java/apiref/index.html?com/esri/core/internal/map/package-summary.html,CJ,,,
http://resources.arcgis.com/en/help/runtime-java/apiref/index.html?com/esri/core/internal/map/package-summary.html,CJ,,,
http://resources.arcgis.com/en/help/runtime-java/apiref/index.html?com/esri/core/internal/map/package-summary.html,CJ,,,
http://resources.arcgis.com/en/help/runtime-java/apiref/index.html?com/esri/core/internal/map/package-summary.html,CJ,,,
http://resources.arcgis.com/en/help/runtime-java/apiref/index.html?com/esri/core/internal/map/package-summary.html,CJ,,,
http://resources.arcgis.com/en/help/runtime-java/apiref/index.html?com/esri/core/internal/map/package-summary.html,CJ,,,
http://resources.arcgis.com/en/help/runtime-java/apiref/index.html?com/esri/core/internal/map/package-summary.html,CJ,,,
,,,,
,,,,
,,,,
,,,,
,,,,
,,,,
,,,,
,,,,
,,,,
https://javadoc.io/doc/org.mp4parser/isoparser/latest/index.html,OK,,,
https://github.com/attenzione/android-ColorPickerPreference,G,,,
,,,,
,,,,
,,,,
https://github.com/DroidNinja/Android-FilePicker,G,,,
,,,,
,,,,
,,,,
,,,,
https://github.com/Bigkoo/Android-PickerView,G,,,
,,,,
,,,,
,,,,
,,,,
https://developer.huawei.com/consumer/en/doc/20302,error,,,
,,,,
,,,,
http://mixpanel.github.io/mixpanel-android/index.html,OK,,,
https://stripe.com/docs/api,C,,,
,,,,
,,,,
,,,,
,,,,
,,,,
,,,,
,,,,
,,,,
,,,,
https://javadoc.io/doc/com.squareup/javawriter/latest/index.html,OK,,,
,,,,
https://docs.fabric.io/javadocs/digits/2.0.8/com/digits/sdk/package-summary.html,OK,,,
https://docs.splunk.com/DocumentationStatic/MintAndroidSDK/5.2.x/APIRef/index.html,OK,,,
http://4thline.org/projects/cling/core/apidocs/,OK,,,
,,,,
,,,,
,,,,
,,,,
,,,,
,,,,
https://javadoc.io/doc/com.googlecode.mp4parser/isoparser/latest/index.html,OK,,,
,,,,
https://javadoc.io/doc/com.googlecode.mp4parser/isoparser/latest/index.html,OK,,,
https://javadoc.io/doc/com.googlecode.mp4parser/isoparser/latest/index.html,OK,,,
,,,,
,,,,
,,,,
,,,,
,,,,
https://javadoc.io/doc/com.github.lecho/hellocharts-library,OK,,,
https://github.com/Pushwoosh/pushwoosh-unity/blob/master/Documentation/README.md,C,method description,,
,,,,
https://github.com/omadahealth/LolliPin,G,,,
,,,,
,,,,
,,,,
https://github.com/poiuytrez/AndroidInAppBilling,G,,,
https://javadoc.io/doc/com.googlecode.mp4parser/isoparser/latest/index.html,OK,,,
https://javadoc.io/doc/com.mikhaellopez/circularimageview/3.0.0/index.html,OK,,,
,,,,
,,,,
https://github.com/chrisbanes/ActionBar-PullToRefresh,G,,,
,,,,
,,,,
,,,,
https://www.javadoc.io/doc/org.jrebirth.af/core/8.0.3/org/jrebirth/af/core/command/basic/SwitchFullScreenCommand.html,OK,,,
,,,,
,,,,
,,,,
,,,,
,,,,
,,,,
,,,,
https://javadoc.io/doc/de.keyboardsurfer.android.widget/crouton/1.8.1/index.html,OK,,,
,,,,
,,,,
https://javadoc.io/doc/org.jxmpp/jxmpp-core/latest/index.html,OK,,,
,,,,
,,,,
,,,,
,,,,
,,,,
,,,,
https://javadoc.io/doc/com.appeaser.sublimepickerlibrary/sublimepickerlibrary/latest/index.html,OK,,,
https://javadoc.io/doc/com.android.databinding/compiler/2.2.0-beta2/index.html,OK,,,
,,,,
,,,,
,,,,
,,,,
,,,,
,,,,
,,,,
,,,,
https://github.com/Instabug/Instabug-Android,G,,,
,,,,
,,,,
,,,,
,,,,
,,,,
,,,,
,,,,
,,,,
,,,,
,,,,
,,,,
,,,,
,,,,
,,,,
,,,,
,,,,
,,,,
,,,,
,,,,
,,,,
,,,,
https://github.com/jfeinstein10/SlidingMenu,G,,,
,,,,
,,,,
http://www.sauronsoftware.it/projects/ftp4j/api/index.html,OK,,,
,,,,
,,,,
,,,,
,,,,
,,,,
,,,,
,,,,
,,,,
,,,,
,,,,
,,,,
,,,,
,,,,
,,,,
https://javadoc.io/static/org.bytedeco.javacpp-presets/opencv/3.4.2-1.4.2/org/opencv/android/package-tree.html,OK,,,
https://www.javadoc.io/doc/com.google.dexmaker/dexmaker-dx/latest/index.html,OK,,,
,,,,
,,,,
joessandbox,,,,
,,,,
,,,,
https://github.com/mxruan/CalendarSelector,G,,,
,,,,
https://www.javadoc.io/doc/org.apmem.tools/layouts/1.10/index.html,OK,,,
,,,,
,,,,
,,,,
,,,,
https://www.javadoc.io/doc/com.squareup.wire/wire-runtime/2.3.0-RC1/index.html,OK,,,
http://mina.apache.org/mina-project/gen-docs/2.0.15/apidocs/org/apache/mina/transport/vmpipe/package-summary.html,OK,,,
http://mina.apache.org/mina-project/gen-docs/2.0.1/apidocs/org/apache/mina/core/service/package-summary.html,OK,,,
http://mina.apache.org/mina-project/gen-docs/2.0.11/apidocs/org/apache/mina/core/filterchain/DefaultIoFilterChain.html,OK,DIRECTION REQUIRED,,
http://mina.apache.org/mina-project/gen-docs/1.1.7/apidocs/org/apache/mina/handler/package-summary.html,OK,,,
http://mina.apache.org/mina-project/gen-docs/2.0.1/apidocs/org/apache/mina/proxy/package-summary.html,OK,,,
http://mina.apache.org/mina-project/gen-docs/2.0.2/apidocs/org/apache/mina/filter/ssl/SslFilter.html,OK,,,
http://mina.apache.org/mina-project/gen-docs/1.1.5/apidocs/org/apache/mina/filter/codec/package-summary.html,OK,,,
http://mina.apache.org/mina-project/gen-docs/2.0.9/apidocs/org/apache/mina/filter/firewall/package-summary.html,OK,,,
"https://javadoc.io/doc/com.github.gabrielemariotti.cards/library/latest/index.html, https://github.com/gabrielemariotti/cardslib",OK,,,
,,,,
https://realm.io/docs/java/latest/,G,,,
https://freemarker.apache.org/docs/api/freemarker/debug/Debugger.html,OK,,,
https://freemarker.apache.org/docs/api/freemarker/template/Template.html,OK,,,
https://freemarker.apache.org/docs/api/freemarker/ext/xml/NodeListModel.html,OK,,,
https://freemarker.apache.org/docs/api/freemarker/cache/package-summary.html,OK,,,
,,,,
,,,,
,,,,
,,,,
,,,,
,,,,
,,,,
,,,,
,,,,
,,,,
,,,,
,,,,
https://www.javadoc.io/doc/org.eclipse.jetty/jetty-http/latest/org.eclipse.jetty.http/module-summary.html,OK,,,
https://poi.apache.org/apidocs/dev/org/apache/poi/sl/draw/geom/class-use/Guide.html,OK,,,
https://poi.apache.org/apidocs/dev/org/apache/poi/poifs/storage/package-summary.html,OK,,,
https://poi.apache.org/apidocs/dev/org/apache/poi/poifs/dev/POIFSLister.html,OK,,,
https://poi.apache.org/apidocs/dev/org/apache/poi/poifs/filesystem/package-use.html,OK,,,
https://poi.apache.org/apidocs/dev/org/apache/poi/poifs/crypt/package-summary.html,OK,,,
,,,,
,,,,
,,,,
,,,,
,,,,
http://javadocs.commonsware.com/cwac/provider/index.html,OK,,,
https://javadoc.io/doc/com.braintreepayments.api/drop-in/4.6.0/index.html,OK,,,
https://javadoc.io/doc/com.braintreepayments.api/drop-in/4.6.0/index.html,OK,,,
,,,,
,,,,
,,,,
,,,,
,,,,
,,,,
,,,,
,,,,
,,,,
,,,,
,,,,
,,,,
,,,,
,,,,
,,,,
,,,,
,,,,
,,,,
https://commons.apache.org/proper/commons-imaging/javadocs/api-release/org/apache/sanselan/common/byteSources/package-frame.html,OK,,,
https://commons.apache.org/proper/commons-imaging/javadocs/api-release/org/apache/sanselan/util/package-frame.html,OK,,,
,,,,
,,,,
,,,,
,,,,
,,,,
,,,,
,,,,
,,,,
,,,,
,,,,
,,,,
,,,,
,,,,
,,,,
https://www.javadoc.io/doc/com.squareup.okhttp/okhttp/latest/index.html,OK,,,
,,,,
,,,,
,,,,
,,,,
,,,,
,,,,
,,,,
,,,,
,,,,
,,,,
,,,,
,,,,
,,,,
,,,,
,,,,
,,,,
,,,,
,,,,
,,,,
,,,,
,,,,
,,,,
https://javadoc.io/doc/com.alexvasilkov/gesture-views/latest/index.html,OK,,,
,,,,
,,,,
,,,,
,,,,
,,,,
,,,,
,,,,
,,,,
https://www.javadoc.io/doc/com.kbeanie/image-chooser-library/latest/index.html,OK,,,
,,,,
,,,,
https://javadoc.io/doc/com.alibaba/arouter-compiler,OK,,,